policy,rho,metric,trend_slope,trend_r_squared,trend_p_value,mean_value,std_value,autocorr_lag1
AGING,0.8,system_en,5.065143420938847,0.9993635707889779,0.0,24295.327441666668,12637.996788430326,0.9999999727031966
AGING,0.8,system_ew,0.0,0.0,1.0,0.0,0.0,
AGING,0.8,little_error,5.065143420938847,0.9993635707889779,0.0,24295.327441666668,12637.996788430326,0.9999999727031966
AGING,0.9,system_en,5.0563959489531,0.999420223863286,0.0,24395.16310627315,12615.81345975992,0.9999999707900824
AGING,0.9,system_ew,0.0,0.0,1.0,0.0,0.0,
AGING,0.9,little_error,5.0563959489531,0.999420223863286,0.0,24395.16310627315,12615.81345975992,0.9999999707900824
AGING,0.95,system_en,5.083675110444943,0.999381084879668,0.0,24596.617690289357,12684.12390550184,0.9999999709719627
AGING,0.95,system_ew,0.0,0.0,1.0,0.0,0.0,
AGING,0.95,little_error,5.083675110444943,0.999381084879668,0.0,24596.617690289357,12684.12390550184,0.9999999709719627
AGING,0.999,system_en,5.077202400053431,0.9994319996751103,0.0,24601.65661732639,12667.651360663305,0.9999999688846709
AGING,0.999,system_ew,0.0,0.0,1.0,0.0,0.0,
AGING,0.999,little_error,5.077202400053431,0.9994319996751103,0.0,24601.65661732639,12667.651360663305,0.9999999688846709
C_MU_RULE,0.8,system_en,5.012327301031969,0.9999662239429048,0.0,22571.233892939817,12502.446581009186,0.999999902085734
C_MU_RULE,0.8,system_ew,0.0,0.0,1.0,0.0,0.0,
C_MU_RULE,0.8,little_error,5.012327301031969,0.9999662239429048,0.0,22571.233892939817,12502.446581009186,0.999999902085734
C_MU_RULE,0.9,system_en,5.0034667730035185,0.9999648241979795,0.0,22574.90318755787,12480.354149838018,0.9999998327637757
C_MU_RULE,0.9,system_ew,0.0,0.0,1.0,0.0,0.0,
C_MU_RULE,0.9,little_error,5.0034667730035185,0.9999648241979795,0.0,22574.90318755787,12480.354149838018,0.9999998327637757
C_MU_RULE,0.95,system_en,5.006375585575282,0.9999665632189092,0.0,22523.627221296294,12487.598862889217,0.9999997407116082
C_MU_RULE,0.95,system_ew,0.0,0.0,1.0,0.0,0.0,
C_MU_RULE,0.95,little_error,5.006375585575282,0.9999665632189092,0.0,22523.627221296294,12487.598862889217,0.9999997407116082
C_MU_RULE,0.999,system_en,5.045906710749108,0.9997307249439115,0.0,22544.214288773153,12587.687364351921,0.9999993270845785
C_MU_RULE,0.999,system_ew,0.0,0.0,1.0,0.0,0.0,
C_MU_RULE,0.999,little_error,5.045906710749108,0.9997307249439115,0.0,22544.214288773153,12587.687364351921,0.9999993270845785
LONGEST_QUEUE,0.8,system_en,5.1098649815099755,0.999385111199335,0.0,24508.59105951389,12749.44377759569,0.99999997229248
LONGEST_QUEUE,0.8,system_ew,0.0,0.0,1.0,0.0,0.0,
LONGEST_QUEUE,0.8,little_error,5.1098649815099755,0.999385111199335,0.0,24508.59105951389,12749.44377759569,0.99999997229248
LONGEST_QUEUE,0.9,system_en,5.084679146961044,0.9994284888332718,0.0,24482.499769201393,12686.328172919248,0.9999999689336819
LONGEST_QUEUE,0.9,system_ew,0.0,0.0,1.0,0.0,0.0,
LONGEST_QUEUE,0.9,little_error,5.084679146961044,0.9994284888332718,0.0,24482.499769201393,12686.328172919248,0.9999999689336819
LONGEST_QUEUE,0.95,system_en,5.076870630605363,0.9995326467920328,0.0,24397.83809802083,12666.185840099013,0.9999999679518782
LONGEST_QUEUE,0.95,system_ew,0.0,0.0,1.0,0.0,0.0,
LONGEST_QUEUE,0.95,little_error,5.076870630605363,0.9995326467920328,0.0,24397.83809802083,12666.185840099013,0.9999999679518782
LONGEST_QUEUE,0.999,system_en,5.068170394866737,0.9995392255722668,0.0,24413.23489810185,12644.438179221457,0.9999999654210898
LONGEST_QUEUE,0.999,system_ew,0.0,0.0,1.0,0.0,0.0,
LONGEST_QUEUE,0.999,little_error,5.068170394866737,0.9995392255722668,0.0,24413.23489810185,12644.438179221457,0.9999999654210898
MAX_AVG_WAIT,0.8,system_en,5.018317998076416,0.999959418911926,0.0,22664.42344635416,12517.432006272655,0.9999999028148298
MAX_AVG_WAIT,0.8,system_ew,0.0,0.0,1.0,0.0,0.0,
MAX_AVG_WAIT,0.8,little_error,5.018317998076416,0.999959418911926,0.0,22664.42344635416,12517.432006272655,0.9999999028148298
MAX_AVG_WAIT,0.9,system_en,4.985954660126428,0.9999717134104525,0.0,22488.051250520835,12436.630121539929,0.9999998457384408
MAX_AVG_WAIT,0.9,system_ew,0.0,0.0,1.0,0.0,0.0,
MAX_AVG_WAIT,0.9,little_error,4.985954660126428,0.9999717134104525,0.0,22488.051250520835,12436.630121539929,0.9999998457384408
MAX_AVG_WAIT,0.95,system_en,5.007413761153771,0.9999637650384569,0.0,22576.106746041667,12490.20590045057,0.999999777499339
MAX_AVG_WAIT,0.95,system_ew,0.0,0.0,1.0,0.0,0.0,
MAX_AVG_WAIT,0.95,little_error,5.007413761153771,0.9999637650384569,0.0,22576.106746041667,12490.20590045057,0.999999777499339
MAX_AVG_WAIT,0.999,system_en,1.5382222788979805,0.7762338249806738,0.0,22921.344497595623,8709.909206882256,0.9999985216208502
MAX_AVG_WAIT,0.999,system_ew,0.0,0.0,1.0,0.0,0.0,
MAX_AVG_WAIT,0.999,little_error,1.5381870359843495,0.31211587438793365,0.0,11605.646989826975,13735.422739492195,0.9998574505019469
OLDEST_PACKET,0.8,system_en,5.069008897736522,0.9993036612653152,0.0,24369.353373067133,12648.020622511298,0.9999999723719849
OLDEST_PACKET,0.8,system_ew,0.0,0.0,1.0,0.0,0.0,
OLDEST_PACKET,0.8,little_error,5.069008897736522,0.9993036612653152,0.0,24369.353373067133,12648.020622511298,0.9999999723719849
OLDEST_PACKET,0.9,system_en,5.0971558653933045,0.9995095077047906,0.0,24484.82579175926,12716.942276882935,0.9999999716989101
OLDEST_PACKET,0.9,system_ew,0.0,0.0,1.0,0.0,0.0,
OLDEST_PACKET,0.9,little_error,5.0971558653933045,0.9995095077047906,0.0,24484.82579175926,12716.942276882935,0.9999999716989101
OLDEST_PACKET,0.95,system_en,5.069823011010233,0.9995011996498339,0.0,24449.24863060185,12648.801849872369,0.9999999708200107
OLDEST_PACKET,0.95,system_ew,0.0,0.0,1.0,0.0,0.0,
OLDEST_PACKET,0.95,little_error,5.069823011010233,0.9995011996498339,0.0,24449.24863060185,12648.801849872369,0.9999999708200107
OLDEST_PACKET,0.999,system_en,5.018967346790915,0.999514298316693,0.0,24264.27087731482,12521.83899553942,0.9999999684616862
OLDEST_PACKET,0.999,system_ew,0.0,0.0,1.0,0.0,0.0,
OLDEST_PACKET,0.999,little_error,5.018967346790915,0.999514298316693,0.0,24264.27087731482,12521.83899553942,0.9999999684616862
ROUND_ROBIN,0.8,system_en,5.092818959319165,0.9993103058646411,0.0,24484.913495671295,12707.388440769979,0.999999982898936
ROUND_ROBIN,0.8,system_ew,0.0,0.0,1.0,0.0,0.0,
ROUND_ROBIN,0.8,little_error,5.092818959319165,0.9993103058646411,0.0,24484.913495671295,12707.388440769979,0.999999982898936
ROUND_ROBIN,0.9,system_en,5.084663414894821,0.9994357699921798,0.0,24487.814483657407,12686.24270964698,0.9999999825463702
ROUND_ROBIN,0.9,system_ew,0.0,0.0,1.0,0.0,0.0,
ROUND_ROBIN,0.9,little_error,5.084663414894821,0.9994357699921798,0.0,24487.814483657407,12686.24270964698,0.9999999825463702
ROUND_ROBIN,0.95,system_en,5.068021092160994,0.999378097366349,0.0,24488.330482488425,12645.084938657945,0.999999981702945
ROUND_ROBIN,0.95,system_ew,0.0,0.0,1.0,0.0,0.0,
ROUND_ROBIN,0.95,little_error,5.068021092160994,0.999378097366349,0.0,24488.330482488425,12645.084938657945,0.999999981702945
ROUND_ROBIN,0.999,system_en,5.049786329796294,0.9994980862036504,0.0,24428.05725375,12598.831559733477,0.9999999804804205
ROUND_ROBIN,0.999,system_ew,0.0,0.0,1.0,0.0,0.0,
ROUND_ROBIN,0.999,little_error,5.049786329796294,0.9994980862036504,0.0,24428.05725375,12598.831559733477,0.9999999804804205
SALLES_UTILITY,0.8,system_en,5.008531913907836,0.9999618517573442,0.0,22617.339319988427,12493.006908352501,0.9999999021890815
SALLES_UTILITY,0.8,system_ew,0.0,0.0,1.0,0.0,0.0,
SALLES_UTILITY,0.8,little_error,5.008531913907836,0.9999618517573442,0.0,22617.339319988427,12493.006908352501,0.9999999021890815
SALLES_UTILITY,0.9,system_en,4.981267337357262,0.9999686264015518,0.0,22490.94768148148,12424.95755726614,0.9999998083664138
SALLES_UTILITY,0.9,system_ew,0.0,0.0,1.0,0.0,0.0,
SALLES_UTILITY,0.9,little_error,4.981267337357262,0.9999686264015518,0.0,22490.94768148148,12424.95755726614,0.9999998083664138
SALLES_UTILITY,0.95,system_en,5.016900860959272,0.9999592145258667,0.0,22604.542022696758,12513.8984518702,0.999999685635408
SALLES_UTILITY,0.95,system_ew,0.0,0.0,1.0,0.0,0.0,
SALLES_UTILITY,0.95,little_error,5.016900860959272,0.9999592145258667,0.0,22604.542022696758,12513.8984518702,0.999999685635408
SALLES_UTILITY,0.999,system_en,4.954377752609897,0.9996981867049631,0.0,22284.945014710647,12359.557304120954,0.9999993173010476
SALLES_UTILITY,0.999,system_ew,0.0,0.0,1.0,0.0,0.0,
SALLES_UTILITY,0.999,little_error,4.954377752609897,0.9996981867049631,0.0,22284.945014710647,12359.557304120954,0.9999993173010476
SHORTEST_QUEUE,0.8,system_en,5.024456955766756,0.9999702133118493,0.0,22623.791011064815,12532.67705984895,0.9999999059552758
SHORTEST_QUEUE,0.8,system_ew,0.0,0.0,1.0,0.0,0.0,
SHORTEST_QUEUE,0.8,little_error,5.024456955766756,0.9999702133118493,0.0,22623.791011064815,12532.67705984895,0.9999999059552758
SHORTEST_QUEUE,0.9,system_en,5.011241915284823,0.9999751830192255,0.0,22513.305890208336,12499.683265761832,0.9999998145584598
SHORTEST_QUEUE,0.9,system_ew,0.0,0.0,1.0,0.0,0.0,
SHORTEST_QUEUE,0.9,little_error,5.011241915284823,0.9999751830192255,0.0,22513.305890208336,12499.683265761832,0.9999998145584598
SHORTEST_QUEUE,0.95,system_en,4.992709633883835,0.9999499345980025,0.0,22589.95248295139,12453.614891020812,0.9999997529575392
SHORTEST_QUEUE,0.95,system_ew,0.0,0.0,1.0,0.0,0.0,
SHORTEST_QUEUE,0.95,little_error,4.992709633883835,0.9999499345980025,0.0,22589.95248295139,12453.614891020812,0.9999997529575392
SHORTEST_QUEUE,0.999,system_en,5.027042434121023,0.9991638528983091,0.0,22291.213041284722,12544.184845803387,0.999999418669259
SHORTEST_QUEUE,0.999,system_ew,0.0,0.0,1.0,0.0,0.0,
SHORTEST_QUEUE,0.999,little_error,5.027042434121023,0.9991638528983091,0.0,22291.213041284722,12544.184845803387,0.999999418669259
STRICT_PRIORITY,0.8,system_en,5.05623475986005,0.9999482068713436,0.0,22847.9641421412,12612.080315953206,0.9999999176088128
STRICT_PRIORITY,0.8,system_ew,0.0,0.0,1.0,0.0,0.0,
STRICT_PRIORITY,0.8,little_error,5.05623475986005,0.9999482068713436,0.0,22847.9641421412,12612.080315953206,0.9999999176088128
STRICT_PRIORITY,0.9,system_en,5.01423782719505,0.9999765682244025,0.0,22537.912930254628,12507.147391370578,0.9999997879194346
STRICT_PRIORITY,0.9,system_ew,0.0,0.0,1.0,0.0,0.0,
STRICT_PRIORITY,0.9,little_error,5.01423782719505,0.9999765682244025,0.0,22537.912930254628,12507.147391370578,0.9999997879194346
STRICT_PRIORITY,0.95,system_en,5.00930583708097,0.9999630032036496,0.0,22462.53571380787,12494.930145914264,0.999999740024024
STRICT_PRIORITY,0.95,system_ew,0.0,0.0,1.0,0.0,0.0,
STRICT_PRIORITY,0.95,little_error,5.00930583708097,0.9999630032036496,0.0,22462.53571380787,12494.930145914264,0.999999740024024
STRICT_PRIORITY,0.999,system_en,4.920057297732447,0.9998262474972834,0.0,21776.60129444444,12273.152891174064,0.999999786959672
STRICT_PRIORITY,0.999,system_ew,0.0,0.0,1.0,0.0,0.0,
STRICT_PRIORITY,0.999,little_error,4.920057297732447,0.9998262474972834,0.0,21776.60129444444,12273.152891174064,0.999999786959672
WEIGHTED_ROUND_ROBIN,0.8,system_en,5.0409593289587855,0.9993924721924727,0.0,24177.02112296296,12577.47339599517,0.9999999828470005
WEIGHTED_ROUND_ROBIN,0.8,system_ew,0.0,0.0,1.0,0.0,0.0,
WEIGHTED_ROUND_ROBIN,0.8,little_error,5.0409593289587855,0.9993924721924727,0.0,24177.02112296296,12577.47339599517,0.9999999828470005
WEIGHTED_ROUND_ROBIN,0.9,system_en,5.064370198432298,0.9993806370737991,0.0,24458.148104884258,12635.959634802677,0.9999999814895908
WEIGHTED_ROUND_ROBIN,0.9,system_ew,0.0,0.0,1.0,0.0,0.0,
WEIGHTED_ROUND_ROBIN,0.9,little_error,5.064370198432298,0.9993806370737991,0.0,24458.148104884258,12635.959634802677,0.9999999814895908
WEIGHTED_ROUND_ROBIN,0.95,system_en,5.0691684800404415,0.9994698869511088,0.0,24443.44097877315,12647.366959556142,0.9999999814434344
WEIGHTED_ROUND_ROBIN,0.95,system_ew,0.0,0.0,1.0,0.0,0.0,
WEIGHTED_ROUND_ROBIN,0.95,little_error,5.0691684800404415,0.9994698869511088,0.0,24443.44097877315,12647.366959556142,0.9999999814434344
WEIGHTED_ROUND_ROBIN,0.999,system_en,5.042309331890871,0.9995160808355221,0.0,24306.791543587962,12580.063777368185,0.9999999811886541
WEIGHTED_ROUND_ROBIN,0.999,system_ew,0.0,0.0,1.0,0.0,0.0,
WEIGHTED_ROUND_ROBIN,0.999,little_error,5.042309331890871,0.9995160808355221,0.0,24306.791543587962,12580.063777368185,0.9999999811886541
WHITTLE_INDEX,0.8,system_en,5.045355277365845,0.9993810746560552,0.0,24196.87074021991,12588.513314164584,0.9999999701617048
WHITTLE_INDEX,0.8,system_ew,0.0,0.0,1.0,0.0,0.0,
WHITTLE_INDEX,0.8,little_error,5.045355277365845,0.9993810746560552,0.0,24196.87074021991,12588.513314164584,0.9999999701617048
WHITTLE_INDEX,0.9,system_en,5.081647394090405,0.9994921960526184,0.0,24420.419016168984,12678.359841463387,0.9999999678915287
WHITTLE_INDEX,0.9,system_ew,0.0,0.0,1.0,0.0,0.0,
WHITTLE_INDEX,0.9,little_error,5.081647394090405,0.9994921960526184,0.0,24420.419016168984,12678.359841463387,0.9999999678915287
WHITTLE_INDEX,0.95,system_en,5.084125834952721,0.9995197711836973,0.0,24430.624635624998,12684.368406306005,0.9999999672509086
WHITTLE_INDEX,0.95,system_ew,0.0,0.0,1.0,0.0,0.0,
WHITTLE_INDEX,0.95,little_error,5.084125834952721,0.9995197711836973,0.0,24430.624635624998,12684.368406306005,0.9999999672509086
WHITTLE_INDEX,0.999,system_en,5.084817387920292,0.9994113480901647,0.0,24575.108622280095,12686.781878649766,0.9999999666732442
WHITTLE_INDEX,0.999,system_ew,0.0,0.0,1.0,0.0,0.0,
WHITTLE_INDEX,0.999,little_error,5.084817387920292,0.9994113480901647,0.0,24575.108622280095,12686.781878649766,0.9999999666732442
